{
    "train": {
        "accuracy": 4.322054735294137,
        "loss": 0.8662138590373845
    },
    "val": {
        "accuracy": 4.753986801331315,
        "loss": 0.6566169307545084
    },
    "step": 4
}
