step	accuracy
0	0.4845844097400702
1	1.786577838789087
2	2.640082101850223
3	3.222286687724273
4	4.322054735294137
