step	loss
0	4.605879661690767
1	3.606486080197798
2	2.0851362820353847
3	1.4522503490408738
4	0.8662138590373845
